City,Cloudiness,Country,Date,Humidity,Latitude,Longitude,Max Temp (Â°F),Wind Speed
Lagunas,0,PE,1561478212,57,-5.23,-75.68,82.49,3.02
Bluff,62,AU,1561478213,51,-23.58,149.07,56.57,5.86
Mar del Plata,3,AR,1561478216,54,-46.43,-67.52,38.75,17.76
Agidel,0,RU,1561478219,70,55.9,53.94,65.03,8.77
Dikson,0,RU,1561478221,87,73.51,80.55,31.73,9.89
Tazovskiy,0,RU,1561478222,62,67.47,78.7,40.19,5.37
Cherskiy,1,RU,1561478224,43,68.75,161.3,60.71,5.59
Rikitea,6,PF,1561478226,86,-23.12,-134.97,71.15,13.11
Atuona,23,PF,1561478227,75,-9.8,-139.03,81.23,20.0
Kapaa,20,US,1561478229,83,22.08,-159.32,78.8,4.7
Hermanus,59,ZA,1561478222,87,-34.42,19.24,60.01,8.99
Kahului,1,US,1561478090,78,20.89,-156.47,72.0,5.82
Juquitiba,0,BR,1561478236,41,-23.93,-47.07,78.8,21.92
Jamestown,0,AU,1561478170,53,-33.21,138.6,46.49,6.08
Port Elizabeth,75,US,1561478252,74,39.31,-74.98,84.2,5.82
Siguiri,0,GN,1561478255,29,11.42,-9.17,103.19,0.11
Chokurdakh,0,RU,1561478256,37,70.62,147.9,66.83,14.23
Kungurtug,40,RU,1561478257,86,50.6,97.53,38.75,4.41
Tomohon,40,ID,1561478259,94,1.33,124.84,75.2,2.24
Hilo,1,US,1561478261,83,19.71,-155.08,71.6,5.82
Yulara,0,AU,1561478249,34,-25.24,130.99,48.2,8.05
Mar del Plata,3,AR,1561478216,54,-46.43,-67.52,38.75,17.76
Constitucion,40,MX,1561478266,49,23.99,-104.67,73.99,9.89
Qaanaaq,100,GL,1561478267,96,77.48,-69.36,33.35,1.57
Vaini,43,IN,1561478269,85,15.34,74.49,79.79,4.72
Atuona,23,PF,1561478227,75,-9.8,-139.03,81.23,20.0
Rikitea,6,PF,1561478226,86,-23.12,-134.97,71.15,13.11
East London,90,ZA,1561478226,93,-33.02,27.91,57.2,18.34
Petropavlovsk-Kamchatskiy,75,RU,1561478304,100,53.05,158.65,44.6,2.24
Lamu,16,ID,1561478305,92,0.57,122.3,74.21,5.37
Hirara,100,JP,1561478307,79,24.8,125.28,82.49,5.77
Upernavik,100,GL,1561478113,93,72.79,-56.15,35.87,19.17
La Peca,30,PE,1561478310,55,-5.61,-78.44,76.01,3.29
Catalao,0,BR,1561478311,38,-18.17,-47.95,80.87,10.13
Presidente Venceslau,0,BR,1561478313,28,-21.88,-51.85,84.2,9.17
Kapaa,20,US,1561478229,83,22.08,-159.32,78.8,4.7
Constantine,20,DZ,1561478349,9,36.36,6.61,105.8,6.93
San Cristobal,40,EC,1561478350,59,-0.39,-78.55,64.4,8.05
Busselton,100,AU,1561478206,81,-33.64,115.35,57.0,21.83
Diu,91,IN,1561478354,72,20.71,70.98,85.19,10.36
Loreto,0,PY,1561478355,41,-23.27,-57.32,84.47,11.16
Marsabit,0,KE,1561478357,31,2.34,37.99,92.03,18.45
Busselton,100,AU,1561478206,81,-33.64,115.35,57.0,21.83
Jamestown,0,AU,1561478170,53,-33.21,138.6,46.49,6.08
Livingston,1,US,1561478366,69,32.58,-88.19,84.2,3.33
Vanavara,0,RU,1561478367,67,60.35,102.28,65.03,6.13
Nuuk,90,GL,1561478369,93,64.17,-51.74,46.4,8.05
Chicama,90,PE,1561478371,77,-7.84,-79.15,66.2,10.29
Puerto Ayora,90,EC,1561478314,78,-0.74,-90.35,75.2,14.99
Mbengwi,99,CM,1561478373,90,6.0,10.01,66.47,3.78
Rikitea,6,PF,1561478226,86,-23.12,-134.97,71.15,13.11
Mahebourg,75,MU,1561478376,94,-20.41,57.7,72.0,18.34
Oyama,20,JP,1561478379,88,36.31,139.8,75.0,2.24
Port Hardy,75,CA,1561478381,87,50.7,-127.42,51.8,4.7
Ushuaia,75,AR,1561478383,92,-54.81,-68.31,30.2,5.82
Tasiilaq,75,GL,1561478002,93,65.61,-37.64,41.0,18.34
Saldanha,100,PT,1561478386,63,41.42,-6.55,70.43,2.57
Rikitea,6,PF,1561478226,86,-23.12,-134.97,71.15,13.11
Lagoa,20,PT,1561478397,69,37.14,-8.45,77.0,13.87
Chanute,0,US,1561478399,78,37.68,-95.46,78.8,13.82
Matara,0,PE,1561478407,37,-13.74,-72.9,53.6,5.39
Oktyabrskiy,0,RU,1561478408,33,55.61,37.97,73.4,11.18
Ushuaia,75,AR,1561478383,92,-54.81,-68.31,30.2,5.82
Kapaa,20,US,1561478229,83,22.08,-159.32,78.8,4.7
Bethel,40,US,1561478336,93,60.79,-161.76,59.0,4.7
Samarai,100,PG,1561478434,96,-10.62,150.67,73.67,6.78
Kapaa,20,US,1561478229,83,22.08,-159.32,78.8,4.7
New Norfolk,0,AU,1561478102,81,-42.78,147.06,44.01,9.17
Vaini,43,IN,1561478269,85,15.34,74.49,79.79,4.72
Atuona,23,PF,1561478227,75,-9.8,-139.03,81.23,20.0
Punta Arenas,20,CL,1561477857,74,-53.16,-70.91,37.4,14.99
Buraydah,0,SA,1561477951,14,26.33,43.97,107.6,4.7
Kapaa,20,US,1561478229,83,22.08,-159.32,78.8,4.7
Vaini,43,IN,1561478269,85,15.34,74.49,79.79,4.72
Narsaq,75,GL,1561478100,44,60.91,-46.05,60.8,4.7
Saint-Philippe,90,CA,1561478446,88,45.36,-73.48,68.0,4.7
Manado,40,ID,1561478448,94,1.49,124.85,75.2,2.24
Upernavik,100,GL,1561478113,93,72.79,-56.15,35.87,19.17
Port Alfred,99,ZA,1561478451,95,-33.59,26.89,57.99,7.0
Georgetown,40,GY,1561478176,79,6.8,-58.16,86.0,9.17
Camocim,40,BR,1561478474,49,-2.9,-40.84,91.4,10.29
Georgetown,40,GY,1561478176,79,6.8,-58.16,86.0,9.17
Buenos Aires,0,AR,1561478347,46,-34.61,-58.44,52.0,11.41
Dikson,0,RU,1561478221,87,73.51,80.55,31.73,9.89
Magugu,84,TZ,1561478492,73,-4.02,35.77,62.51,9.28
Cherskiy,1,RU,1561478224,43,68.75,161.3,60.71,5.59
Busselton,100,AU,1561478206,81,-33.64,115.35,57.0,21.83
Hithadhoo,75,MV,1561478225,70,-0.6,73.08,84.83,6.8
Hermanus,59,ZA,1561478222,87,-34.42,19.24,60.01,8.99
Fukue,20,JP,1561478498,83,35.03,136.69,73.4,5.82
Yeppoon,0,AU,1561478500,76,-23.13,150.74,55.4,3.36
Bajil,0,ES,1561478503,17,38.23,-2.07,94.37,10.74
Todos Santos,5,MX,1561478505,37,23.45,-110.23,90.0,11.27
Antofagasta,0,CL,1561478507,59,-23.65,-70.4,60.8,4.7
Znamenskoye,86,RU,1561478508,65,57.13,73.82,65.93,4.88
Pedernales,86,EC,1561478509,86,0.07,-80.05,76.91,16.2
Aksu,0,KZ,1561478521,82,52.04,76.93,68.0,6.71
Muros,20,ES,1561478525,41,42.77,-9.06,75.99,4.7
Wahiawa,75,US,1561478388,100,21.5,-158.02,78.8,13.82
Kahului,1,US,1561478090,78,20.89,-156.47,72.0,5.82
Kodiak,1,US,1561478539,36,39.95,-94.76,80.01,9.17
Yellowknife,20,CA,1561478294,48,62.45,-114.38,66.2,6.93
Jamestown,0,AU,1561478170,53,-33.21,138.6,46.49,6.08
Ushuaia,75,AR,1561478383,92,-54.81,-68.31,30.2,5.82
Farafangana,3,MG,1561478545,95,-22.82,47.83,65.39,3.69
Rikitea,6,PF,1561478226,86,-23.12,-134.97,71.15,13.11
Rikitea,6,PF,1561478226,86,-23.12,-134.97,71.15,13.11
Jamestown,0,AU,1561478170,53,-33.21,138.6,46.49,6.08
Talnakh,75,RU,1561478519,81,69.49,88.39,42.8,8.95
Merauke,42,ID,1561478551,82,-8.49,140.4,77.81,21.59
Avarua,100,CK,1561478552,73,-21.21,-159.78,73.4,4.7
Bredasdorp,97,ZA,1561478553,77,-34.53,20.04,60.8,18.34
Mataura,23,NZ,1561478556,84,-46.19,168.86,45.0,4.0
Sorland,75,NO,1561478558,71,67.67,12.69,51.8,10.29
Kapaa,20,US,1561478229,83,22.08,-159.32,78.8,4.7
Mbigou,0,GA,1561478560,45,-1.9,11.91,85.01,3.02
Mataura,23,NZ,1561478556,84,-46.19,168.86,45.0,4.0
Ushuaia,75,AR,1561478383,92,-54.81,-68.31,30.2,5.82
Mar del Plata,3,AR,1561478216,54,-46.43,-67.52,38.75,17.76
Umm Kaddadah,9,SD,1561478566,17,13.6,26.69,99.95,13.73
Porto Torres,0,IT,1561478568,28,40.84,8.4,96.8,17.22
Grindavik,90,IS,1561478570,93,63.84,-22.43,53.6,18.34
Longyearbyen,40,NO,1561478418,81,78.22,15.63,42.8,11.41
Klaksvik,100,FO,1561478572,81,62.23,-6.59,53.6,12.75
Punta Arenas,20,CL,1561477857,74,-53.16,-70.91,37.4,14.99
East London,90,ZA,1561478226,93,-33.02,27.91,57.2,18.34
Bluff,62,AU,1561478213,51,-23.58,149.07,56.57,5.86
Shakawe,0,BW,1561478577,14,-18.36,21.84,79.61,2.39
Bredasdorp,97,ZA,1561478553,77,-34.53,20.04,60.8,18.34
Hermanus,59,ZA,1561478222,87,-34.42,19.24,60.01,8.99
Quchan,0,IR,1561478581,17,37.11,58.51,78.35,12.71
Ushuaia,75,AR,1561478383,92,-54.81,-68.31,30.2,5.82
Mogadishu,5,SO,1561478586,81,2.04,45.34,77.09,15.39
Hobart,0,AU,1561478550,75,-42.88,147.33,48.0,9.17
Comodoro Rivadavia,40,AR,1561478414,56,-45.87,-67.48,42.8,10.29
Cape Town,20,ZA,1561478353,67,-33.93,18.42,63.0,14.99
Bluff,62,AU,1561478213,51,-23.58,149.07,56.57,5.86
Carnarvon,0,ZA,1561478595,22,-30.97,22.13,58.37,10.38
Anzio,0,IT,1561478308,43,41.45,12.63,91.99,8.05
Barrow,0,AR,1561478597,44,-38.31,-60.23,47.21,22.35
Moron,69,VE,1561478601,63,10.49,-68.2,86.45,4.41
Te Anau,0,NZ,1561478602,81,-45.41,167.72,38.21,3.11
Vaini,43,IN,1561478269,85,15.34,74.49,79.79,4.72
Punta Arenas,20,CL,1561477857,74,-53.16,-70.91,37.4,14.99
Tiksi,67,RU,1561478606,56,71.64,128.87,53.69,2.64
Bluff,62,AU,1561478213,51,-23.58,149.07,56.57,5.86
Palmer,0,AU,1561478610,75,-34.85,139.16,54.0,5.82
Hobart,0,AU,1561478550,75,-42.88,147.33,48.0,9.17
Meulaboh,63,ID,1561478612,69,4.14,96.13,85.37,7.36
Atuona,23,PF,1561478227,75,-9.8,-139.03,81.23,20.0
Punta Arenas,20,CL,1561477857,74,-53.16,-70.91,37.4,14.99
Lompoc,90,US,1561478450,93,34.64,-120.46,60.01,1.66
Lujiang,51,CN,1561478617,88,31.26,117.28,73.4,4.47
Tiksi,67,RU,1561478606,56,71.64,128.87,53.69,2.64
Kamyzyak,40,RU,1561478619,57,46.12,48.08,86.0,15.66
Hermanus,59,ZA,1561478222,87,-34.42,19.24,60.01,8.99
Bathsheba,40,BB,1561478622,83,13.22,-59.52,82.4,19.46
Vaini,43,IN,1561478269,85,15.34,74.49,79.79,4.72
Cidreira,100,BR,1561478624,46,-30.17,-50.22,78.17,19.73
Esperance,20,TT,1561478626,52,10.24,-61.45,89.6,16.11
Acapulco,75,MX,1561478363,66,16.86,-99.88,86.0,6.93
Beringovskiy,100,RU,1561478631,94,63.05,179.32,42.53,11.3
Nikolskoye,0,RU,1561478632,40,59.7,30.79,71.01,11.18
Salalah,75,OM,1561478634,94,17.01,54.1,84.2,10.29
East London,90,ZA,1561478226,93,-33.02,27.91,57.2,18.34
Rikitea,6,PF,1561478226,86,-23.12,-134.97,71.15,13.11
Luanda,0,AO,1561478424,73,-8.83,13.24,77.0,12.75
Kahului,1,US,1561478090,78,20.89,-156.47,72.0,5.82
Kodiak,1,US,1561478539,36,39.95,-94.76,80.01,9.17
Andra,60,RU,1561478652,48,62.52,65.89,56.75,5.91
Salalah,75,OM,1561478634,94,17.01,54.1,84.2,10.29
Thanh Hoa,75,VN,1561478661,100,10.21,106.33,78.8,1.12
Ushuaia,75,AR,1561478383,92,-54.81,-68.31,30.2,5.82
Busselton,100,AU,1561478206,81,-33.64,115.35,57.0,21.83
Ginir,23,ET,1561478664,88,7.14,40.71,65.39,3.94
Mataura,23,NZ,1561478556,84,-46.19,168.86,45.0,4.0
Barrow,0,AR,1561478597,44,-38.31,-60.23,47.21,22.35
Freetown,40,BS,1561478668,66,26.61,-78.36,89.6,10.29
Tuktoyaktuk,90,CA,1561478585,86,69.44,-133.03,37.4,19.46
Punta Arenas,20,CL,1561477857,74,-53.16,-70.91,37.4,14.99
Puerto Ayora,90,EC,1561478314,78,-0.74,-90.35,75.2,14.99
Cabedelo,75,BR,1561478672,74,-6.97,-34.84,80.6,11.41
Belgrade,0,RS,1561478551,58,44.82,20.46,84.2,9.17
Upernavik,100,GL,1561478113,93,72.79,-56.15,35.87,19.17
Nanortalik,80,GL,1561478676,89,60.14,-45.24,38.75,7.58
Rikitea,6,PF,1561478226,86,-23.12,-134.97,71.15,13.11
Pevek,15,RU,1561478606,69,69.7,170.27,36.95,15.48
Los Llanos de Aridane,75,ES,1561478680,65,28.66,-17.92,77.0,6.93
Cidreira,100,BR,1561478624,46,-30.17,-50.22,78.17,19.73
Turukhansk,33,RU,1561478682,85,65.8,87.96,56.21,1.72
Sun Valley,40,US,1561478570,44,43.7,-114.35,64.99,6.93
Padang,1,ID,1561478685,70,-0.92,100.36,83.93,3.6
Washim,92,IN,1561478686,53,20.1,77.14,89.87,2.42
Atuona,23,PF,1561478227,75,-9.8,-139.03,81.23,20.0
La Ronge,90,CA,1561478472,81,55.1,-105.3,53.6,6.93
Hamilton,75,CA,1561478695,68,43.26,-79.87,77.0,12.75
Bethel,40,US,1561478336,93,60.79,-161.76,59.0,4.7
Te Anau,0,NZ,1561478602,81,-45.41,167.72,38.21,3.11
Lebu,75,ET,1561478699,60,8.96,38.73,68.0,6.02
Tual,100,ID,1561478700,83,-5.67,132.75,79.07,22.01
Medina,40,SA,1561478433,5,24.47,39.61,111.2,3.36
Severo-Kurilsk,100,RU,1561478705,98,50.68,156.12,41.99,1.03
Rabo de Peixe,75,PT,1561478706,64,37.8,-25.58,68.0,16.11
Klyuchevskiy,100,RU,1561478708,70,53.53,119.45,59.45,3.91
Rikitea,6,PF,1561478226,86,-23.12,-134.97,71.15,13.11
Vila Franca do Campo,75,PT,1561478493,64,37.72,-25.43,68.0,16.11
Busselton,100,AU,1561478206,81,-33.64,115.35,57.0,21.83
Sonoita,1,US,1561478712,17,31.68,-110.66,88.0,4.7
Hilo,1,US,1561478261,83,19.71,-155.08,71.6,5.82
Hithadhoo,75,MV,1561478225,70,-0.6,73.08,84.83,6.8
Waipawa,0,NZ,1561478716,93,-39.94,176.59,28.99,1.01
Chkalovsk,0,RU,1561478717,45,56.76,43.24,68.0,15.66
Kankon,75,IN,1561478718,88,15.02,74.02,80.6,4.7
Tual,100,ID,1561478700,83,-5.67,132.75,79.07,22.01
Grand Gaube,75,MU,1561478724,94,-20.01,57.66,72.0,18.34
Lavrentiya,93,RU,1561478725,86,65.58,-170.99,34.61,6.8
Ancud,75,CL,1561478727,87,-41.87,-73.83,42.8,10.29
Mataura,23,NZ,1561478556,84,-46.19,168.86,45.0,4.0
Loreto,0,PY,1561478355,41,-23.27,-57.32,84.47,11.16
Salym,98,RU,1561478730,54,60.06,71.48,60.71,7.7
Coihaique,75,CL,1561478731,98,-45.58,-72.07,41.0,6.93
Athabasca,48,CA,1561478733,87,54.72,-113.29,55.49,4.7
Wageningen,90,NL,1561478737,41,51.98,5.66,98.01,9.17
Port Elizabeth,75,US,1561478252,74,39.31,-74.98,84.2,5.82
Punta Arenas,20,CL,1561478739,74,-53.16,-70.91,37.4,14.99
Barrow,0,AR,1561478597,44,-38.31,-60.23,47.21,22.35
Lorengau,10,PG,1561478606,84,-2.02,147.27,79.97,4.41
Hermanus,59,ZA,1561478222,87,-34.42,19.24,60.01,8.99
Kiunga,99,PG,1561478744,99,-6.12,141.3,72.77,2.71
Rikitea,6,PF,1561478226,86,-23.12,-134.97,71.15,13.11
Rizhao,100,CN,1561478746,89,35.43,119.46,65.75,12.33
Bubaque,0,GW,1561478748,71,11.28,-15.83,80.15,13.53
Barahona,0,DO,1561478620,46,18.21,-71.1,87.35,7.83
San Quintin,100,PH,1561478750,85,17.54,120.52,77.63,2.71
Kavaratti,99,IN,1561478752,74,10.57,72.64,84.29,18.97
Ushuaia,75,AR,1561478383,92,-54.81,-68.31,30.2,5.82
Ushuaia,75,AR,1561478383,92,-54.81,-68.31,30.2,5.82
Hondo,1,US,1561478755,61,29.35,-99.14,87.01,7.05
Punta Arenas,20,CL,1561478739,74,-53.16,-70.91,37.4,14.99
Letlhakane,0,BW,1561478757,21,-21.42,25.59,74.21,3.74
Anloga,100,GH,1561478759,79,5.79,0.9,79.07,12.84
Sainte-Maxime,0,FR,1561478760,32,43.31,6.64,93.99,13.87
Dikson,0,RU,1561478221,87,73.51,80.55,31.73,9.89
Turukhansk,33,RU,1561478682,85,65.8,87.96,56.21,1.72
Chokurdakh,0,RU,1561478256,37,70.62,147.9,66.83,14.23
Lashio,96,MM,1561478765,98,22.93,97.75,71.51,0.29
Mataura,23,NZ,1561478556,84,-46.19,168.86,45.0,4.0
Rikitea,6,PF,1561478226,86,-23.12,-134.97,71.15,13.11
Adrar,0,DZ,1561478768,4,27.87,-0.29,118.4,11.41
Bluff,62,AU,1561478213,51,-23.58,149.07,56.57,5.86
Ushuaia,75,AR,1561478383,92,-54.81,-68.31,30.2,5.82
Vaini,43,IN,1561478269,85,15.34,74.49,79.79,4.72
Middelburg,0,ZA,1561478774,22,-25.77,29.46,57.47,5.03
Vagur,100,FO,1561478775,88,61.47,-6.81,51.17,10.89
Provideniya,96,RU,1561478591,80,64.42,-173.23,38.39,12.1
Severo-Kurilsk,100,RU,1561478705,98,50.68,156.12,41.99,1.03
Fortuna,0,ES,1561478779,65,38.18,-1.13,88.0,11.41
Gumdag,0,TM,1561478555,6,39.2,54.59,97.43,13.22
Butaritari,100,KI,1561478545,76,3.07,172.79,83.21,12.01
Wolgast,0,DE,1561478782,33,54.05,13.77,87.8,11.41
Alyangula,100,AU,1561478784,93,-13.85,136.42,57.2,4.7
Busselton,100,AU,1561478206,81,-33.64,115.35,57.0,21.83
Ushuaia,75,AR,1561478383,92,-54.81,-68.31,30.2,5.82
Yellowknife,20,CA,1561478294,48,62.45,-114.38,66.2,6.93
Bonthe,100,SL,1561478788,79,7.53,-12.5,80.87,8.5
Punta Arenas,20,CL,1561478739,74,-53.16,-70.91,37.4,14.99
Souillac,0,FR,1561478791,45,45.6,-0.6,87.01,3.36
Leningradskiy,52,RU,1561478649,93,69.38,178.42,33.53,7.94
Bethel,40,US,1561478336,93,60.79,-161.76,59.0,4.7
Carnarvon,0,ZA,1561478595,22,-30.97,22.13,58.37,10.38
Cockburn Town,56,TC,1561478595,81,21.46,-71.14,80.69,13.13
Bontang,60,ID,1561478796,99,0.12,117.47,74.39,2.62
Kapaa,20,US,1561478229,83,22.08,-159.32,78.8,4.7
Nhulunbuy,14,AU,1561478799,77,-12.18,136.78,68.0,5.82
Busselton,100,AU,1561478206,81,-33.64,115.35,57.0,21.83
Lasa,0,CY,1561478801,74,34.92,32.53,89.01,12.75
Mataura,23,NZ,1561478556,84,-46.19,168.86,45.0,4.0
Ostrovnoy,78,RU,1561478803,74,68.05,39.51,45.59,4.36
Punta Arenas,20,CL,1561478739,74,-53.16,-70.91,37.4,14.99
Busselton,100,AU,1561478206,81,-33.64,115.35,57.0,21.83
Sao Filipe,4,CV,1561478807,80,14.9,-24.5,75.47,19.57
Punta Arenas,20,CL,1561478739,74,-53.16,-70.91,37.4,14.99
Aksu,0,KZ,1561478521,82,52.04,76.93,68.0,6.71
Hilo,1,US,1561478261,83,19.71,-155.08,71.6,5.82
Ushuaia,75,AR,1561478383,92,-54.81,-68.31,30.2,5.82
New Norfolk,0,AU,1561478813,75,-42.78,147.06,48.0,9.17
Mar del Plata,3,AR,1561478216,54,-46.43,-67.52,38.75,17.76
Padang,1,ID,1561478685,70,-0.92,100.36,83.93,3.6
Albany,90,US,1561478816,88,42.65,-73.75,73.0,10.29
Syamzha,49,RU,1561478818,43,60.02,41.06,61.07,7.11
Tasiilaq,75,GL,1561478819,93,65.61,-37.64,41.0,18.34
Nikolskoye,0,RU,1561478632,40,59.7,30.79,71.01,11.18
Tyssedal,100,NO,1561478821,81,60.12,6.56,61.0,1.01
Avarua,100,CK,1561478552,73,-21.21,-159.78,73.4,4.7
Ilulissat,40,GL,1561478824,54,69.22,-51.1,53.6,9.17
Caravelas,2,BR,1561478825,65,-17.73,-39.27,79.97,7.85
Kapaa,20,US,1561478229,83,22.08,-159.32,78.8,4.7
Barcelos,20,PT,1561478827,68,41.53,-8.62,78.01,6.93
La Ronge,90,CA,1561478472,81,55.1,-105.3,53.6,6.93
Russell,0,AR,1561478830,10,-33.01,-68.8,48.2,20.8
Punta Arenas,20,CL,1561478739,74,-53.16,-70.91,37.4,14.99
Jamestown,0,AU,1561478170,53,-33.21,138.6,46.49,6.08
Qaanaaq,100,GL,1561478267,96,77.48,-69.36,33.35,1.57
Vostok,100,RU,1561478639,98,46.45,135.83,64.31,4.14
Ushuaia,75,AR,1561478383,92,-54.81,-68.31,30.2,5.82
Hasaki,20,JP,1561478838,100,35.73,140.83,66.2,2.24
Rikitea,6,PF,1561478839,86,-23.12,-134.97,71.15,13.11
Rocha,100,UY,1561478841,81,-34.48,-54.34,52.97,26.44
Yellowknife,20,CA,1561478294,48,62.45,-114.38,66.2,6.93
Moussoro,68,TD,1561478843,20,13.64,16.49,103.91,5.77
Fleetwood,40,US,1561478844,69,40.45,-75.82,82.0,5.82
Vaini,43,IN,1561478269,85,15.34,74.49,79.79,4.72
Mitchell,1,US,1561478734,56,43.71,-98.03,72.0,8.05
Hermanus,59,ZA,1561478600,88,-34.42,19.24,59.0,10.0
Jamestown,0,AU,1561478854,53,-33.21,138.6,46.49,6.08
kimparana,5,ML,1561478855,25,12.83,-4.92,101.93,6.33
Iskateley,100,RU,1561478856,74,67.68,53.15,47.75,19.1
Busselton,100,AU,1561478578,81,-33.64,115.35,55.99,21.83
Coahuayana,97,MX,1561478859,82,18.62,-100.35,77.45,1.92
Punta Arenas,20,CL,1561478860,74,-53.16,-70.91,37.4,14.99
Cape Town,20,ZA,1561478597,67,-33.93,18.42,63.0,14.99
Isangel,75,VU,1561478862,78,-19.55,169.27,77.0,17.22
Busselton,100,AU,1561478578,81,-33.64,115.35,55.99,21.83
Lima,90,PE,1561478816,82,-12.06,-77.04,62.6,6.93
Buchanan,75,LR,1561478870,94,5.88,-10.05,78.8,10.45
Ushuaia,75,AR,1561478868,92,-54.81,-68.31,30.2,5.82
Jamestown,0,AU,1561478854,53,-33.21,138.6,46.49,6.08
Ushuaia,75,AR,1561478868,92,-54.81,-68.31,30.2,5.82
Aklavik,90,CA,1561478875,100,68.22,-135.01,37.4,12.75
Coihaique,75,CL,1561478731,98,-45.58,-72.07,41.0,6.93
Port Elizabeth,75,US,1561478877,66,39.31,-74.98,84.99,13.87
Dikson,0,RU,1561478879,87,73.51,80.55,31.73,9.89
New Norfolk,0,AU,1561478813,75,-42.78,147.06,48.0,9.17
Alice Springs,0,AU,1561478881,38,-23.7,133.88,41.0,4.7
Nioaque,0,BR,1561478882,33,-21.16,-55.83,85.37,16.55
Presidencia Roque Saenz Pena,100,AR,1561478883,52,-26.79,-60.44,54.77,18.81
Hobart,0,AU,1561478866,75,-42.88,147.33,48.0,9.17
Codrington,75,AU,1561478886,93,-28.95,153.24,62.6,5.73
Cape Town,20,ZA,1561478597,67,-33.93,18.42,63.0,14.99
Novyy Urgal,67,RU,1561478889,79,51.07,132.56,50.99,5.7
Arraial do Cabo,0,BR,1561478890,51,-22.97,-42.02,86.0,10.29
Hobart,0,AU,1561478866,75,-42.88,147.33,48.0,9.17
Coihaique,75,CL,1561478731,98,-45.58,-72.07,41.0,6.93
Lujiang,51,CN,1561478894,88,31.26,117.28,73.4,4.47
Ylivieska,0,FI,1561478896,42,64.07,24.53,61.0,8.01
New Norfolk,0,AU,1561478813,75,-42.78,147.06,48.0,9.17
Hilo,1,US,1561478898,83,19.71,-155.08,71.6,5.82
Florence,75,US,1561478770,74,34.8,-87.68,84.0,4.38
Bilaspur,99,IN,1561478901,40,22.08,82.15,96.71,6.96
Rikitea,6,PF,1561478749,86,-23.12,-134.97,71.15,13.11
Tuktoyaktuk,90,CA,1561478903,86,69.44,-133.03,37.4,19.46
Bilibino,0,RU,1561478905,54,68.06,166.44,47.21,3.31
Richards Bay,88,ZA,1561478906,69,-28.77,32.06,69.35,10.0
Ahome,5,MX,1561478907,69,25.92,-109.18,86.0,13.87
Siyabuswa,0,ZA,1561478909,24,-25.11,29.06,67.37,8.08
Jiazi,0,CN,1561478910,88,19.61,110.49,80.6,4.47
Grindavik,90,IS,1561478789,93,63.84,-22.43,53.6,18.34
Bluff,62,AU,1561478916,51,-23.58,149.07,56.57,5.86
High Level,75,CA,1561478643,82,58.52,-117.13,59.0,5.82
Hobart,0,AU,1561478866,75,-42.88,147.33,48.0,9.17
Bethel,40,US,1561478920,93,60.79,-161.76,59.0,4.7
Rikitea,6,PF,1561478749,86,-23.12,-134.97,71.15,13.11
Punta Arenas,20,CL,1561478860,74,-53.16,-70.91,37.4,14.99
Hermanus,59,ZA,1561478600,88,-34.42,19.24,59.0,10.0
Marystown,47,CA,1561478925,74,47.17,-55.16,50.45,8.99
Kapaa,20,US,1561478927,83,22.08,-159.32,78.8,4.7
Shache,100,CN,1561478929,43,38.42,77.24,70.43,8.41
Port Elizabeth,75,US,1561478877,66,39.31,-74.98,84.99,13.87
Khatanga,95,RU,1561478932,33,71.98,102.47,79.43,7.23
Barrow,0,AR,1561478933,44,-38.31,-60.23,47.21,22.35
Rikitea,6,PF,1561478749,86,-23.12,-134.97,71.15,13.11
Ushuaia,75,AR,1561478868,92,-54.81,-68.31,30.2,5.82
Hofn,98,IS,1561478734,88,64.25,-15.21,44.33,13.58
Colares,75,PT,1561478922,56,38.8,-9.45,78.8,6.93
Port Alfred,99,ZA,1561478940,94,-33.59,26.89,57.99,8.01
Tuktoyaktuk,90,CA,1561478903,86,69.44,-133.03,37.4,19.46
Atar,0,MR,1561478942,6,20.52,-13.05,112.91,16.78
Cidreira,100,BR,1561478882,46,-30.17,-50.22,78.17,19.73
Vaini,43,IN,1561478944,85,15.34,74.49,79.79,4.72
Camara de Lobos,40,PT,1561478946,53,32.63,-16.97,71.6,18.34
Uba,4,NG,1561478947,51,10.45,13.22,89.33,8.66
Avarua,100,CK,1561478948,73,-21.21,-159.78,73.4,4.7
Kapaa,20,US,1561478927,83,22.08,-159.32,78.8,4.7
Richmond,20,CA,1561478858,67,49.16,-123.14,63.0,4.7
Jamestown,0,AU,1561478854,53,-33.21,138.6,46.49,6.08
Kodiak,1,US,1561478904,36,39.95,-94.76,80.01,9.17
Leningradskiy,52,RU,1561478963,93,69.38,178.42,33.53,7.94
Busselton,100,AU,1561478578,81,-33.64,115.35,55.99,21.83
Cordoba,97,CO,1561478966,65,5.59,-73.79,69.53,4.63
Abu Dhabi,0,AE,1561478952,60,24.47,54.37,96.8,9.17
Cape Town,20,ZA,1561478597,67,-33.93,18.42,63.0,14.99
Cherskiy,1,RU,1561478969,43,68.75,161.3,60.71,5.59
Ushuaia,75,AR,1561478868,92,-54.81,-68.31,30.2,5.82
Nikolskoye,0,RU,1561478972,40,59.7,30.79,71.01,11.18
Longyearbyen,40,NO,1561478973,81,78.22,15.63,42.8,11.41
Nakskov,25,DK,1561478974,63,54.84,11.13,81.0,3.0
Pevek,15,RU,1561478975,69,69.7,170.27,36.95,15.48
Mehamn,75,NO,1561478977,66,71.03,27.85,53.6,16.11
Vaini,43,IN,1561478944,85,15.34,74.49,79.79,4.72
Talnakh,75,RU,1561478979,81,69.49,88.39,42.8,8.95
Castro,75,CL,1561478980,87,-42.48,-73.76,42.8,10.29
Cidreira,100,BR,1561478882,46,-30.17,-50.22,78.17,19.73
Shimanovsk,56,RU,1561478983,67,52.0,127.67,58.91,8.86
Saint George,20,GR,1561478965,40,39.45,22.34,87.8,4.7
Shaoguan,34,CN,1561478985,93,24.81,113.59,74.93,1.79
Tiksi,67,RU,1561478987,56,71.64,128.87,53.69,2.64
Saint George,20,GR,1561478965,40,39.45,22.34,87.8,4.7
Pevek,15,RU,1561478975,69,69.7,170.27,36.95,15.48
Bambous Virieux,75,MU,1561478871,94,-20.34,57.76,72.0,18.34
Ushuaia,75,AR,1561478868,92,-54.81,-68.31,30.2,5.82
Vestmannaeyjar,90,IS,1561478993,100,63.44,-20.27,51.8,16.11
Kapaa,20,US,1561478927,83,22.08,-159.32,78.8,4.7
Mataura,23,NZ,1561478995,84,-46.19,168.86,45.0,4.0
Hobart,0,AU,1561478866,75,-42.88,147.33,48.0,9.17
Bredasdorp,97,ZA,1561478998,77,-34.53,20.04,60.8,18.34
Doha,0,QA,1561478914,56,25.29,51.53,107.6,16.11
Avarua,100,CK,1561478948,73,-21.21,-159.78,73.4,4.7
Nishihara,20,JP,1561479002,88,35.74,139.53,75.0,9.17
Arraial do Cabo,0,BR,1561478890,51,-22.97,-42.02,86.0,10.29
Warrnambool,0,AU,1561479004,99,-38.38,142.48,44.01,9.57
Thompson,90,CA,1561478881,100,55.74,-97.86,55.4,4.7
Lasa,0,CY,1561479007,74,34.92,32.53,89.01,12.75
Hobart,0,AU,1561478866,75,-42.88,147.33,48.0,9.17
East London,90,ZA,1561478973,93,-33.02,27.91,57.2,18.34
Venado,0,MX,1561479012,64,22.93,-101.09,67.55,12.62
Yumen,100,CN,1561479016,17,40.29,97.04,80.51,8.79
Saldanha,100,PT,1561478954,63,41.42,-6.55,70.43,2.57
Port Hardy,75,CA,1561479018,87,50.7,-127.42,51.8,4.7
Saskylakh,66,RU,1561479019,46,71.97,114.09,71.51,7.9
Khatanga,95,RU,1561478932,33,71.98,102.47,79.43,7.23
Mataura,23,NZ,1561478995,84,-46.19,168.86,45.0,4.0
New Norfolk,0,AU,1561478813,75,-42.78,147.06,48.0,9.17
Jaen,13,PE,1561479024,53,-5.71,-78.81,70.79,4.0
Damietta,0,EG,1561478944,70,31.42,31.81,86.0,10.29
Punta Arenas,20,CL,1561478860,74,-53.16,-70.91,37.4,14.99
Saint George,20,GR,1561478965,40,39.45,22.34,87.8,4.7
Khatanga,95,RU,1561478932,33,71.98,102.47,79.43,7.23
Husavik,100,CA,1561479030,78,50.56,-96.99,69.01,5.99
Alice Springs,0,AU,1561478881,38,-23.7,133.88,41.0,4.7
Namibe,20,AO,1561479036,68,-15.19,12.15,71.6,14.99
Jamestown,0,AU,1561478854,53,-33.21,138.6,46.49,6.08
Coihaique,75,CL,1561478731,98,-45.58,-72.07,41.0,6.93
Muros,20,ES,1561479039,41,42.77,-9.06,75.2,4.7
Labuhan,0,ID,1561479041,96,-2.54,115.51,72.59,2.26
San Patricio,100,PY,1561479042,61,-26.98,-56.83,72.41,11.81
Cape Town,20,ZA,1561478597,67,-33.93,18.42,63.0,14.99
Mar del Plata,3,AR,1561479044,54,-46.43,-67.52,38.75,17.76
Atuona,23,PF,1561479046,75,-9.8,-139.03,81.23,20.0
Albany,90,US,1561478881,88,42.65,-73.75,73.0,10.29
Victoria,75,BN,1561478774,83,5.28,115.24,82.4,4.54
Ushuaia,75,AR,1561478868,92,-54.81,-68.31,30.2,5.82
Husavik,100,CA,1561479030,78,50.56,-96.99,69.01,5.99
Samara,20,RU,1561478815,38,53.2,50.11,73.4,13.42
Namibe,20,AO,1561479036,68,-15.19,12.15,71.6,14.99
Rikitea,6,PF,1561478749,86,-23.12,-134.97,71.15,13.11
Maldonado,90,UY,1561479057,81,-34.91,-54.96,51.8,35.57
Ponta do Sol,10,BR,1561479058,51,-20.63,-46.0,74.57,8.55
Chara,20,GR,1561479059,40,39.42,22.43,87.8,4.7
Terrace Bay,90,CA,1561479060,100,48.78,-87.1,44.6,9.73
Albany,90,US,1561478881,88,42.65,-73.75,73.0,10.29
Mahajanga,20,MG,1561479013,83,-15.72,46.32,77.0,6.93
Goundam,0,ML,1561479064,7,16.42,-3.66,110.75,2.15
Ribeira Grande,75,PT,1561478938,56,38.52,-28.7,69.8,16.11
Klaksvik,100,FO,1561479066,81,62.23,-6.59,53.6,12.75
Gaillac,0,FR,1561479068,27,43.9,1.9,91.99,23.04
Kruisfontein,84,ZA,1561479062,89,-34.0,24.73,53.51,13.65
Albany,90,US,1561478881,88,42.65,-73.75,73.0,10.29
Jamestown,0,AU,1561478854,53,-33.21,138.6,46.49,6.08
Avarua,100,CK,1561478948,73,-21.21,-159.78,73.4,4.7
Punta Arenas,20,CL,1561478860,74,-53.16,-70.91,37.4,14.99
Santiago,0,CL,1561479075,69,-33.44,-70.65,46.99,4.7
Lompoc,90,US,1561478797,87,34.64,-120.46,60.01,5.82
Punta Arenas,20,CL,1561478860,74,-53.16,-70.91,37.4,14.99
Vila Franca do Campo,75,PT,1561479078,60,37.72,-25.43,69.8,14.99
Ilulissat,40,GL,1561478824,54,69.22,-51.1,53.6,9.17
Bluff,62,AU,1561478916,51,-23.58,149.07,56.57,5.86
Barrow,0,AR,1561478933,44,-38.31,-60.23,47.21,22.35
Tupik,13,RU,1561479083,87,54.43,119.94,48.83,2.73
Clyde River,75,CA,1561479084,80,70.47,-68.59,41.0,9.17
Mataura,23,NZ,1561478995,84,-46.19,168.86,45.0,4.0
Kodinsk,91,RU,1561479087,46,58.6,99.18,72.05,7.0
Bambanglipuro,0,ID,1561479088,84,-7.95,110.28,76.55,13.89
New Norfolk,0,AU,1561478813,75,-42.78,147.06,48.0,9.17
Hobart,0,AU,1561478866,75,-42.88,147.33,48.0,9.17
Pevek,15,RU,1561478975,69,69.7,170.27,36.95,15.48
Upernavik,100,GL,1561479093,93,72.79,-56.15,35.87,19.17
Lisakovsk,72,KZ,1561479094,58,52.55,62.49,75.11,8.97
Albany,90,US,1561478881,88,42.65,-73.75,73.0,10.29
Nanortalik,80,GL,1561479085,89,60.14,-45.24,38.75,7.58
Punta Arenas,20,CL,1561478860,74,-53.16,-70.91,37.4,14.99
Mataura,23,NZ,1561478995,84,-46.19,168.86,45.0,4.0
Cayenne,11,GF,1561478917,83,4.94,-52.33,82.4,5.82
Fortuna,0,ES,1561479102,65,38.18,-1.13,88.0,11.41
Kadungora,0,ID,1561479103,69,-7.09,107.89,66.65,3.02
Purwodadi,0,ID,1561479106,75,-7.08,110.92,74.21,4.56
Hilo,1,US,1561478898,83,19.71,-155.08,71.6,5.82
Pevek,15,RU,1561478975,69,69.7,170.27,36.95,15.48
Puerto Ayora,90,EC,1561479109,78,-0.74,-90.35,75.2,14.99
Xuddur,73,SO,1561479075,50,4.12,43.89,84.47,15.99
Rikitea,6,PF,1561478749,86,-23.12,-134.97,71.15,13.11
Avarua,100,CK,1561478948,73,-21.21,-159.78,73.4,4.7
Bonavista,95,CA,1561479114,85,48.65,-53.11,51.01,5.01
Vaini,43,IN,1561478944,85,15.34,74.49,79.79,4.72
Vaini,43,IN,1561478944,85,15.34,74.49,79.79,4.72
Port Alfred,99,ZA,1561478940,94,-33.59,26.89,57.99,8.01
Caravelas,2,BR,1561478825,65,-17.73,-39.27,79.97,7.85
Ponta Delgada,75,PT,1561479120,60,37.73,-25.67,69.8,14.99
Ushuaia,75,AR,1561478868,92,-54.81,-68.31,30.2,5.82
Nikolskoye,0,RU,1561478972,40,59.7,30.79,71.01,11.18
Butaritari,100,KI,1561479123,76,3.07,172.79,83.21,12.01
Geraldton,90,CA,1561479124,100,49.72,-86.95,55.4,9.17
Albany,90,US,1561478881,88,42.65,-73.75,73.0,10.29
Longyearbyen,40,NO,1561478973,81,78.22,15.63,42.8,11.41
Kota,67,IN,1561479066,39,25.17,75.86,95.09,11.9
Atuona,23,PF,1561479046,75,-9.8,-139.03,81.23,20.0
Mataura,23,NZ,1561478995,84,-46.19,168.86,45.0,4.0
Zhengjiatun,84,CN,1561479131,44,43.51,123.51,75.11,22.62
Atuona,23,PF,1561479046,75,-9.8,-139.03,81.23,20.0
San Cristobal,40,EC,1561478939,59,-0.39,-78.55,64.4,8.05
Hobart,0,AU,1561478866,75,-42.88,147.33,48.0,9.17
Homer,1,US,1561479093,82,59.64,-151.54,63.0,4.7
Polson,70,US,1561479138,48,47.69,-114.16,59.0,2.35
Presidente Medici,67,BR,1561479141,57,-11.18,-61.9,85.37,5.28
Jamestown,0,AU,1561478854,53,-33.21,138.6,46.49,6.08
Rio Grande,0,BR,1561478939,53,-32.03,-52.1,77.0,14.99
Bredasdorp,97,ZA,1561478998,77,-34.53,20.04,60.8,18.34
Puerto Ayora,90,EC,1561479109,78,-0.74,-90.35,75.2,14.99
Hobart,0,AU,1561478866,75,-42.88,147.33,48.0,9.17
Kapaa,20,US,1561478927,83,22.08,-159.32,78.8,4.7
Port Alfred,99,ZA,1561478940,94,-33.59,26.89,57.99,8.01
Lazaro Cardenas,5,MX,1561479154,41,28.39,-105.62,84.0,12.75
Daru,97,SL,1561479156,73,7.99,-10.85,82.49,2.84
Barrow,0,AR,1561478933,44,-38.31,-60.23,47.21,22.35
Vestmannaeyjar,90,IS,1561478993,100,63.44,-20.27,51.8,16.11
Namibe,20,AO,1561479036,68,-15.19,12.15,71.6,14.99
Georgetown,40,GY,1561479076,79,6.8,-58.16,86.0,9.17
Atuona,23,PF,1561479046,75,-9.8,-139.03,81.23,20.0
Atuona,23,PF,1561479046,75,-9.8,-139.03,81.23,20.0
Tashla,20,RU,1561479177,38,53.71,49.75,73.4,13.42
Guerrero Negro,100,MX,1561479178,85,27.97,-114.04,62.69,7.85
Iqaluit,75,CA,1561479179,54,63.75,-68.52,55.0,5.82
Fare,0,PF,1561479181,74,-16.7,-151.02,77.81,17.34
Avarua,100,CK,1561478948,73,-21.21,-159.78,73.4,4.7
Tasiilaq,75,GL,1561479184,93,65.61,-37.64,41.0,18.34
Romny,24,UA,1561479185,64,50.74,33.49,74.39,8.23
Marshall,1,US,1561479186,61,39.39,-87.69,81.0,8.05
Aykhal,0,RU,1561479188,43,65.95,111.51,69.8,2.24
Cockburn Town,56,TC,1561478956,81,21.46,-71.14,80.69,13.13
Hermanus,59,ZA,1561478600,88,-34.42,19.24,59.0,10.0
Ushuaia,75,AR,1561478868,92,-54.81,-68.31,30.2,5.82
Hilo,1,US,1561478898,83,19.71,-155.08,71.6,5.82
Ushuaia,75,AR,1561478868,92,-54.81,-68.31,30.2,5.82
Cuenca,0,ES,1561478985,22,40.07,-2.13,93.99,11.27
Hithadhoo,75,MV,1561478947,70,-0.6,73.08,84.83,6.8
Lebu,75,ET,1561479198,60,8.96,38.73,68.0,6.02
Bartica,75,GY,1561479200,79,6.41,-58.62,86.0,6.93
Tiksi,67,RU,1561478987,56,71.64,128.87,53.69,2.64
Biskamzha,100,RU,1561479203,84,53.45,89.53,47.03,1.97
Mataura,23,NZ,1561478995,84,-46.19,168.86,45.0,4.0
Kapaa,20,US,1561478927,83,22.08,-159.32,78.8,4.7
Yellowknife,20,CA,1561479208,48,62.45,-114.38,66.2,6.93
Nikolskoye,0,RU,1561478972,40,59.7,30.79,71.01,11.18
Tuktoyaktuk,90,CA,1561478903,86,69.44,-133.03,37.4,19.46
Saint-Philippe,90,CA,1561478940,88,45.36,-73.48,68.0,4.7
Albany,90,US,1561478881,88,42.65,-73.75,73.0,10.29
Chuy,100,UY,1561479214,84,-33.69,-53.46,54.77,16.91
Torbay,40,CA,1561479215,67,47.66,-52.73,63.0,8.05
Sterling,75,US,1561478924,51,39.0,-77.4,84.2,14.99
Cervo,20,BR,1561479221,53,-22.19,-46.24,71.6,12.71
Carnarvon,0,ZA,1561478930,22,-30.97,22.13,58.37,10.38
Pisco,75,PE,1561479223,30,-13.71,-76.2,71.6,4.7
Miri,38,NG,1561479225,30,10.31,9.75,95.27,3.53
Sooke,1,CA,1561479226,67,48.37,-123.73,62.01,4.7
Busselton,100,AU,1561478578,81,-33.64,115.35,55.99,21.83
Katsuura,75,JP,1561479228,88,33.93,134.5,71.6,18.34
Carnarvon,0,ZA,1561478930,22,-30.97,22.13,58.37,10.38
Abnub,0,EG,1561479231,21,27.27,31.15,104.0,11.41
Busselton,100,AU,1561478578,81,-33.64,115.35,55.99,21.83
Albany,90,US,1561478881,88,42.65,-73.75,73.0,10.29
Maceio,75,BR,1561479064,61,-9.67,-35.74,82.4,11.41
Hamilton,75,BM,1561479235,57,32.3,-64.78,82.99,6.93
Ushuaia,75,AR,1561478868,92,-54.81,-68.31,30.2,5.82
Ushuaia,75,AR,1561478868,92,-54.81,-68.31,30.2,5.82
Ushuaia,75,AR,1561478868,92,-54.81,-68.31,30.2,5.82
Avarua,100,CK,1561478948,73,-21.21,-159.78,73.4,4.7
New Norfolk,0,AU,1561478813,75,-42.78,147.06,48.0,9.17
Oksfjord,40,NO,1561479242,47,70.24,22.35,57.2,12.75
Lakhisarai,100,IN,1561479244,35,25.18,86.09,99.59,4.63
Qaanaaq,100,GL,1561479245,96,77.48,-69.36,33.35,1.57
Jamestown,0,AU,1561478854,53,-33.21,138.6,46.49,6.08
Bluff,62,AU,1561478916,51,-23.58,149.07,56.57,5.86
Terekli-Mekteb,29,RU,1561479249,28,44.16,45.87,96.17,9.19
Pimentel,15,BR,1561479250,54,-3.7,-45.5,88.25,4.09
Bunbury,75,GB,1561479252,82,53.12,-2.65,69.01,8.05
Tasiilaq,75,GL,1561479184,93,65.61,-37.64,41.0,18.34
Hermanus,59,ZA,1561478600,88,-34.42,19.24,59.0,10.0
Srandakan,0,ID,1561479255,84,-7.94,110.25,76.55,13.89
Gbadolite,100,CD,1561479256,98,4.28,21.0,69.89,4.36
Rabo de Peixe,75,PT,1561479258,60,37.8,-25.58,69.8,14.99
Matagami,98,NG,1561479260,78,9.67,8.4,76.73,3.71
Tiksi,67,RU,1561478987,56,71.64,128.87,53.69,2.64
Port Hedland,0,AU,1561479262,58,-20.31,118.58,59.0,6.93
Bozuyuk,40,TR,1561479264,48,39.91,30.04,86.0,16.11
Ushuaia,75,AR,1561478868,92,-54.81,-68.31,30.2,5.82
Altamira,75,BR,1561479080,74,-3.2,-52.21,84.2,3.36
Kapaa,20,US,1561478927,83,22.08,-159.32,78.8,4.7
Hilo,1,US,1561478898,83,19.71,-155.08,71.6,5.82
Cape Town,20,ZA,1561478597,67,-33.93,18.42,63.0,14.99
Punta Arenas,20,CL,1561478860,74,-53.16,-70.91,37.4,14.99
Jamestown,0,AU,1561478854,53,-33.21,138.6,46.49,6.08
Norman Wells,90,CA,1561479276,93,65.28,-126.83,51.8,16.11
Moramanga,0,MG,1561479277,95,-18.95,48.23,57.65,2.39
Albany,90,US,1561478881,88,42.65,-73.75,73.0,10.29
Kahului,1,US,1561479124,78,20.89,-156.47,73.0,5.82
Ushuaia,75,AR,1561478868,92,-54.81,-68.31,30.2,5.82
Castro,75,CL,1561478980,87,-42.48,-73.76,42.8,10.29
Jamestown,0,AU,1561478854,53,-33.21,138.6,46.49,6.08
Tazovskiy,0,RU,1561479284,62,67.47,78.7,40.19,5.37
Cotui,40,DO,1561479286,79,19.05,-70.15,91.4,11.41
Kaka,0,TM,1561479287,9,37.35,59.62,98.33,6.89
Punta Arenas,20,CL,1561478860,74,-53.16,-70.91,37.4,14.99
La Ciotat,20,FR,1561479290,33,43.17,5.6,96.01,21.92
Arraial do Cabo,0,BR,1561478890,51,-22.97,-42.02,86.0,10.29
Betwagan,100,PH,1561479292,79,17.08,120.97,76.01,2.89
Berlevag,75,NO,1561479294,62,70.86,29.09,53.6,20.8
Jamestown,0,AU,1561478854,53,-33.21,138.6,46.49,6.08
Sabha,0,LY,1561479296,10,27.03,14.43,103.37,12.82
Puerto Ayora,90,EC,1561479109,78,-0.74,-90.35,75.2,14.99
Moussoro,68,TD,1561479298,20,13.64,16.49,103.91,5.77
Severo-Kurilsk,100,RU,1561479300,98,50.68,156.12,41.99,1.03
Makakilo City,75,US,1561479301,100,21.35,-158.09,78.8,13.82
